{
  "dopamine": -0.5128510904457799,
  "serotonin": 0.5076374392578257,
  "mood": "withdrawn"
}