{
  "dopamine": -0.6326138071802241,
  "serotonin": 0.46698740968643704,
  "mood": "withdrawn"
}