{
  "dopamine": -0.42824761995722194,
  "serotonin": 0.4872645448276426,
  "mood": "neutral"
}