{
  "dopamine": -0.4994522799348501,
  "serotonin": 0.4468308637338199,
  "mood": "neutral"
}