{
  "dopamine": -0.48631925803499687,
  "serotonin": 0.5694493026410391,
  "mood": "neutral"
}